ID,Warehouse_block,Mode_of_Shipment,Customer_care_calls,Customer_rating,Cost_of_the_Product,Prior_purchases,Product_importance,Gender,Discount_offered,Weight_in_gms,Reached.on.Time_Y.N
108,F,Ship,4,5,216,3,high,M,26,2053,1
5595,A,Road,3,1,220,3,low,F,6,5572,1
6998,F,Flight,3,2,215,4,low,F,3,4042,0
3985,D,Flight,5,1,160,5,low,F,1,4672,0
3112,B,Ship,5,4,229,2,medium,F,44,2419,1
4041,A,Ship,3,2,228,3,medium,F,4,4208,0
3014,F,Flight,5,4,182,3,medium,F,11,3545,1
6607,D,Ship,4,4,138,3,medium,F,7,1597,1
4220,F,Ship,5,4,264,3,medium,M,2,5716,0
8750,F,Road,4,2,133,3,medium,F,5,5950,0
5665,D,Ship,4,5,216,4,medium,F,1,4458,1
5370,F,Ship,4,2,197,3,low,F,6,5826,0
7496,F,Ship,4,1,239,5,low,F,8,1048,0
9886,B,Ship,5,1,275,5,low,M,6,1156,1
1852,B,Ship,3,1,169,10,medium,F,15,1107,1
1124,F,Ship,3,5,240,3,medium,F,54,2919,1
3044,F,Ship,3,2,274,3,medium,F,50,3958,1
3370,B,Ship,3,3,249,5,medium,F,9,1752,0
6829,D,Road,5,4,244,6,low,F,10,1978,1
10969,D,Flight,4,4,257,5,medium,F,4,1668,0
3089,C,Ship,4,2,218,2,high,M,1,2990,1
9600,F,Flight,4,1,149,3,low,M,2,4499,0
9535,D,Ship,3,1,131,6,medium,M,8,5352,0
9857,C,Road,4,4,185,2,medium,F,1,4729,0
4210,B,Ship,5,4,252,3,medium,M,6,5221,0
10937,C,Road,5,3,257,5,medium,M,8,1981,1
7280,F,Ship,4,4,209,2,medium,F,3,4407,0
4688,F,Ship,5,5,236,3,high,M,4,5724,1
6877,D,Ship,7,2,279,4,medium,M,5,1210,0
4920,F,Road,2,1,228,2,medium,M,10,4854,1
10958,F,Flight,4,3,229,4,low,F,7,4829,0
8152,B,Ship,4,3,163,3,low,F,10,5002,1
10973,C,Flight,4,1,249,5,low,F,10,1762,1
9345,A,Ship,4,1,253,3,medium,F,9,5502,1
2515,D,Ship,4,4,141,2,low,M,7,1479,1
2909,C,Ship,3,4,154,2,low,M,29,1016,1
5938,B,Ship,3,3,265,3,medium,F,8,5070,0
5015,C,Ship,6,2,254,4,low,M,4,1392,0
5734,B,Road,3,2,170,2,low,M,2,4214,1
8474,F,Road,3,2,257,3,medium,M,2,5486,1
10715,C,Ship,5,4,254,5,low,M,10,1350,0
2603,C,Flight,4,4,220,2,medium,F,33,2897,1
9743,C,Flight,3,3,154,2,low,M,1,5884,1
2827,D,Ship,2,3,172,3,medium,F,11,1522,1
1119,A,Ship,3,2,171,3,medium,M,11,1282,1
3486,F,Ship,4,1,182,2,medium,F,10,5638,0
2981,C,Ship,3,3,200,3,low,M,4,3791,1
10503,A,Ship,3,1,248,3,medium,M,7,5588,0
8270,F,Ship,7,4,286,4,low,M,3,1262,1
8704,B,Ship,4,4,149,2,medium,F,2,5881,0
1723,D,Ship,5,3,186,4,medium,F,11,3676,1
7234,B,Ship,4,2,227,3,medium,M,7,4041,0
6748,B,Ship,4,2,266,3,medium,F,2,5252,1
3949,D,Road,4,1,258,3,medium,M,2,4188,0
5493,A,Flight,5,5,132,2,high,M,6,4392,0
10731,A,Ship,4,1,253,5,low,F,1,1235,0
6439,D,Flight,5,3,154,2,low,M,3,5440,1
2821,D,Ship,2,2,188,4,medium,M,39,2424,1
6462,F,Ship,2,1,285,5,low,M,4,5759,0
10007,C,Flight,3,4,216,3,low,F,3,5149,0
4185,A,Ship,4,3,153,2,medium,M,1,4366,1
9403,D,Ship,6,3,257,4,low,F,2,1694,0
9625,D,Ship,6,3,244,5,medium,F,1,1847,1
304,B,Ship,4,3,222,2,medium,M,55,3833,1
34,B,Ship,4,2,234,3,medium,M,4,3261,1
3275,C,Road,3,5,237,3,low,M,4,5561,1
1942,B,Ship,3,2,183,4,low,M,49,2414,1
9116,F,Ship,3,4,247,3,medium,M,9,5383,0
9283,D,Ship,2,3,192,3,low,M,4,5524,0
3523,D,Ship,5,3,181,4,low,F,2,5332,0
8299,D,Ship,3,4,209,2,high,F,5,4363,0
8378,F,Ship,3,3,212,2,low,M,2,5125,0
252,F,Road,2,2,145,3,medium,F,5,6102,1
9071,C,Ship,3,1,173,2,low,F,7,4684,0
9973,D,Ship,3,1,167,2,low,F,8,4171,1
9733,D,Flight,3,5,252,3,medium,F,8,4557,1
9844,B,Road,5,4,260,3,low,M,8,4535,0
458,F,Ship,3,4,145,8,low,F,15,1429,1
2955,A,Ship,5,5,145,2,medium,M,48,1834,1
1840,B,Ship,3,2,188,3,medium,M,3,3837,1
10829,C,Flight,3,3,192,3,high,F,4,4339,1
8500,B,Flight,4,5,234,3,medium,F,10,4204,1
9559,D,Ship,3,5,157,4,medium,F,2,4640,0
1278,F,Ship,3,1,275,2,high,F,1,2597,1
1146,F,Ship,5,1,186,10,low,M,64,2529,1
7506,F,Ship,7,3,305,4,low,F,3,1872,0
9287,C,Ship,3,4,180,3,low,M,2,5659,1
9352,B,Ship,7,1,267,4,medium,M,9,1261,1
9783,A,Ship,3,4,213,3,high,M,7,5516,1
9956,F,Ship,4,3,264,5,low,F,2,1541,0
10090,B,Ship,5,3,137,4,low,F,9,4754,0
3205,D,Ship,3,1,190,3,medium,F,2,4312,0
5813,C,Ship,6,1,141,5,low,F,9,5113,0
5744,F,Road,4,1,242,2,low,F,2,5825,0
8324,F,Ship,5,1,267,5,medium,F,3,1194,1
7808,F,Flight,3,5,175,3,high,F,6,5150,0
1179,A,Ship,4,3,118,5,low,F,15,1601,1
9726,F,Flight,4,1,152,5,medium,M,8,5711,0
1794,F,Flight,3,1,163,3,medium,M,59,1005,1
4454,F,Ship,4,4,106,2,low,F,10,5173,1
4748,F,Ship,5,5,232,7,medium,M,6,5139,0
674,F,Road,3,2,247,2,medium,M,39,3189,1
2725,D,Road,4,1,227,3,low,M,5,3100,1
5422,B,Ship,6,1,147,3,medium,F,5,4012,0
8574,F,Ship,4,3,252,3,medium,F,10,5802,1
6293,C,Road,6,1,246,4,medium,M,4,1504,1
6631,D,Ship,3,3,145,3,medium,F,8,4522,0
7074,F,Ship,4,3,195,4,medium,F,1,5004,0
2222,F,Ship,3,1,164,2,low,M,2,1304,1
5750,F,Flight,4,1,179,3,high,M,5,4129,0
