index,SKU Code,Design No.,Stock,Category,Size,Color
764,J0026-KR-XXL,J0026,1.0,KURTA,XXL,Turquoise Green
1631,J0175-KR-S,J0175,32.0,KURTA,S,Maroon
6338,JNE3843-KR-XL,JNE3843,10.0,KURTA,XL,Green
447,BTM044-PP-XXXL,BTM044,5.0,PALAZZO,XXXL,Maroon
1832,J0207-DR-M,J0207,20.0,DRESS,M,Olive
2301,J0298-DR-XXXL,J0298,2.0,KURTA,XXXL,Multicolor
5402,JNE3684-TU-S,JNE3684,5.0,TUNIC,S,Red
8431,SET295-KR-NP-XXL,SET295,2.0,KURTA SET,XXL,Black
1770,J0196-TP-S,J0196,5.0,TOP,S,Green
8804,SET355-KR-PP-XL,SET355,3.0,SET,XL,Light Green
1156,J0103-SKD-S,J0103,50.0,KURTA SET,S,Yellow
245,BL107-XL,BL107,3.0,BLOUSE,XL,White
7389,SET004-KR-SP-L,SET004,2.0,KURTA SET,L,Grey
1318,J0129-SET-XL,J0129,1.0,KURTA SET,XL,Pink
5764,JNE3749-KR-M,JNE3749,2.0,KURTA,M,Blue
4503,JNE3510-KR-S,JNE3510,2.0,KURTA,S,Grey
131,BL085-S,BL085,12.0,BLOUSE,S,Orange
3443,JNE2170-KR-436-XXXL,JNE2170,3.0,KURTA,XXXL,Black
7046,NW020-ST-SR-S,NW020,3.0,NIGHT WEAR,S,Peach
7234,PJNE3568-KR-6XL,PJNE3568,4.0,KURTA,6XL,Yellow
1897,J0216-BL-XXL,J0216,17.0,BLOUSE,XXL,Green
7017,NW013-ST-SR-M,NW013,12.0,NIGHT WEAR,M,Turquoise
7205,PJNE3399-KR-4XL,PJNE3399,12.0,KURTA,4XL,Turquoise Blue
7391,SET004-KR-SP-S,SET004,19.0,KURTA SET,S,Grey
1188,J0108-SKD-XXXL,J0108,4.0,KURTA SET,XXXL,Light Green
1224,J0114-TP-L,J0114,1.0,TOP,L,Pink
6240,JNE3826-KR-S,JNE3826,22.0,KURTA,S,Black
3033,JAN8618-DR-XXL,JAN8618,1.0,DRESS,XXL,Blue
6192,JNE3818-KR-XL,JNE3818,3.0,KURTA,XL,Orange
879,J0046-TP-XXXL,J0046,1.0,TOP,XXXL,Grey
4429,JNE3487-KR-XXL,JNE3487,13.0,KURTA,XXL,Peach
286,BTM003-XS,BTM003,40.0,PANT,XS,Maroon
2523,J0340-TP-L,J0340,86.0,TOP,L,Green
5520,JNE3707-DR-XL,JNE3707,19.0,DRESS,XL,Cream
7756,SET179-KR-PP-S,SET179,0.0,KURTA SET,S,White
9057,SET402-KR-NP-XS,SET402,61.0,SET,XS,Sea Green
4269,JNE3462-KR-XXXL,JNE3462,1.0,KURTA,XXXL,Mustard
7064,NW023-ST-SR-XXXL,NW023,29.0,NIGHT WEAR,XXXL,Blue
3082,JAN8633-KR-NP-XL,JAN8633,26.0,SET,XL,Maroon
3739,JNE3356-KR-XL,JNE3356,49.0,KURTA,XL,Yellow
5521,JNE3707-DR-XS,JNE3707,40.0,DRESS,XS,Cream
9171,SET438-KR-NP-XXXL,SET438,61.0,SET,XXXL,Pink
119,BL075-85CHIKU,BL075,7.0,BLOUSE,FREE,Chiku
6522,JNE3880-DR-XS,JNE3880,49.0,DRESS,XS,Peach
761,J0026-KR-S,J0026,0.0,KURTA,S,Turquoise Green
8100,SET240-KR-PP-XL,SET240,27.0,KURTA SET,XL,Yellow
1111,J0096-KR-XXL,J0096,90.0,KURTA,XXL,Blue
9109,SET414-KR-NP-L,SET414,45.0,SET,L,Navy Blue
2227,J0287-KR-S,J0287,1.0,KURTA,S,Black
4740,JNE3558-KR-XL,JNE3558,2.0,KURTA,XL,Pink
5278,JNE3662-TP-XS,JNE3662,6.0,TOP,XS,Peach
3400,JNE2101-KR-210-XS,JNE2101,1.0,KURTA,XS,Red
8993,SET392-KR-NP-XL,SET392,4.0,SET,XL,Peach
3703,JNE3336-KR-XXXL,JNE3336,2.0,KURTA,XXXL,Sky Blue
2881,J0420-TP-XXL,J0420,32.0,TOP,XXL,Pink
3608,JNE3257-KR-XL,JNE3257,12.0,KURTA,XL,Magenta
711,J0016-DR-XS,J0016,2.0,DRESS,XS,Mustard
47,AN211-BLACK-S,AN211,7.0,AN : LEGGINGS,S,Black
8203,SET257-KR-PP-S,SET257,5.0,SET,S,Beige
5935,JNE3776-KR-XXL,JNE3776,8.0,KURTA,XXL,Green
9005,SET394-KR-NP-M,SET394,1.0,SET,M,Maroon
50,AN212-WHITE-L,AN212,11.0,AN : LEGGINGS,L,White
2145,J0263-KR-XL,J0263,2.0,KURTA,XL,Maroon
3955,JNE3407-KR-XXL,JNE3407,2.0,KURTA,XXL,Olive Green
7275,SAR047,SAR047,32.0,SAREE,FREE,Mustard
1084,J0093-DR-S,J0093,0.0,DRESS,S,Blue
5144,JNE3639-TP-L,JNE3639,30.0,TOP,L,Maroon
5559,JNE3714-KR-S,JNE3714,10.0,KURTA,S,TEAL GREEN 
3412,JNE2131-KR-A-XL,JNE2131,6.0,KURTA,XL,Multicolor
3680,JNE3313-KR-XL,JNE3313,20.0,KURTA,XL,Black
7507,SET073-KR-SHA-M,SET073,250.0,KURTA SET,M,Dark Green
7299,SAR071,SAR071,6.0,SAREE,FREE,Green
8008,SET225-KR-NP-XL,SET225,14.0,KURTA,XL,Mustard
6071,JNE3796-KR-M,JNE3796,5.0,KURTA,M,Peach
8989,SET390-KR-NP-XXXL,SET390,60.0,SET,XXXL,Light Green
8503,SET308-KR-PP-L,SET308,48.0,KURTA SET,L,Grey
8977,SET389-KR-NP-M,SET389,3.0,SET,M,White
2214,J0285-SKD-M,J0285,79.0,KURTA SET,M,Grey
3284,JNE1233-BLUE-KR-031-XXXL,JNE1233,75.0,KURTA,XXXL,Blue
88,#REF!,BL022,0.0,BLOUSE,FREE,Beige
8595,SET324-KR-NP-M,SET324,8.0,KURTA SET,M,Peach
1349,J0133-KR-XXXL,J0133,3.0,KURTA,XXXL,Maroon
3995,JNE3417-KR-XXL,JNE3417,21.0,KURTA,XXL,Red
4537,JNE3520-KR-S,JNE3520,61.0,KURTA,S,Mustard
2970,JAN8606-TP-M,JAN8606,5.0,TOP,M,Red
4055,JNE3428-KR-XXL,JNE3428,2.0,KURTA,XXL,Dark Blue
1595,J0170-TP-M,J0170,1.0,TOP,M,Blue
2807,J0399-DR-XS,J0399,0.0,DRESS,XS,Rust
5026,JNE3620-KR-XXL,JNE3620,2.0,KURTA,XXL,Magenta
8430,SET295-KR-NP-XS,SET295,4.0,KURTA SET,XS,Black
8726,SET343-KR-NP-S,SET343,45.0,SET,S,OFF WHITE
3,AN201-RED-XL,AN201,6.0,AN : LEGGINGS,XL,Red
2138,J0262-KR-M,J0262,0.0,KURTA,M,Grey
